{
    "sen2spring": {
        "max": [
            10000.0,
            10000.0,
            10000.0
        ],
        "mean": [
            1460.4567,
            1468.2986,
            1383.4556
        ],
        "min": [
            0.0,
            0.0,
            0.0
        ],
        "p2": [
            10000.0,
            10000.0,
            10000.0
        ],
        "std": [
            1130.7949,
            1129.0261,
            1053.3217
        ]
    },
    "sen2springNIR": {
        "max": [
            10000.0,
            10000.0,
            10000.0,
            10000.0
        ],
        "mean": [
            1460.4567,
            1468.2986,
            1383.4556,
            2226.6821
        ],
        "min": [
            0.0,
            0.0,
            0.0,
            0.0
        ],
        "p2": [
            10000.0,
            10000.0,
            10000.0,
            10000.0
        ],
        "std": [
            1130.7949,
            1129.0261,
            1053.3217,
            1724.3213
        ]
    },
    "sen1": {
        "max": [
            1.0,
            1.0
        ],
        "mean": [
            -11.4260,
            -17.7530
        ],
        "min": [
            0.0, 
            0.0
        ],
        "p2": [
            10000.0,
            10000.0
        ],
        "std": [
            5.5983,
            5.0076
        ]
    },
    "viirs": {
        "max": [
            90.47428894042969
        ],
        "mean": [
            3.3004007463375213
        ],
        "min": [
            0.0
        ],
        "p2": [
            90.47428894042969
        ],
        "std": [
            8.027633699290327
        ]
    }
}